page,first_row
2,1
3,33
4,65
5,98
6,131
7,164
8,197
9,230
10,263
11,296
12,329
13,362
14,395
15,428
16,461
17,494
18,527
19,560
20,593
21,626
22,659
23,692
24,725
25,758
26,791
27,824
28,857
29,890
30,923
31,956
32,989
33,1022
34,1055
35,1088
36,1121
37,1154
38,1187
39,1220
40,1253
41,1286
42,1319
43,1352
44,1385
45,1418
46,1451
47,1484
48,1517
49,1550
50,1583
51,1616
52,1649
53,1682
54,1715
55,1748
56,1781
57,1814
58,1847
59,1880
60,1913
61,1946
62,1979
63,2012
64,2045
65,2078
66,2111
67,2144
68,2177
69,2210
70,2243
71,2276
72,2309
73,2342
74,2375
75,2408
76,2441
77,2474
78,2507
79,2540
80,2573
81,2606
82,2639
83,2672
84,2705
85,2738
86,2771
87,2804
88,2837
89,2870
90,2903
91,2936
92,2969
93,3002
94,3035
95,3068
96,3101
97,3134
98,3167
99,3200
100,3233
101,3266
102,3299
103,3332
104,3365
105,3398
106,3431
107,3464
108,3497
109,3530
110,3563
111,3596
112,3629
113,